Macro-Area;Argomento Principale;Domanda Specifica
Apparato Cardiovascolare;Ciclo Cardiaco;Ciclo cardiaco
Apparato Cardiovascolare;Ciclo Cardiaco;Ciclo cardiaco
Apparato Cardiovascolare;Ciclo Cardiaco;Ciclo cardiaco
Apparato Cardiovascolare;Ciclo Cardiaco;Ciclo cardiaco
Apparato Cardiovascolare;Ciclo Cardiaco;Ciclo cardiaco
Apparato Cardiovascolare;Ciclo Cardiaco;Diagramma di Straub
Apparato Cardiovascolare;Ciclo Cardiaco;Diagramma di Straub
Apparato Cardiovascolare;Ciclo Cardiaco;Diagramma di Straub disegnare
Apparato Cardiovascolare;Ciclo Cardiaco;Diagramma di Wiggers
Apparato Cardiovascolare;Ciclo Cardiaco;Diagramma di Wiggers
Apparato Cardiovascolare;Ciclo Cardiaco;Diagramma di Wiggers
Apparato Cardiovascolare;Ciclo Cardiaco;Diagramma di Wiggers disegno
Apparato Cardiovascolare;Ciclo Cardiaco;Fasi del ciclo cardiaco
Apparato Cardiovascolare;Ciclo Cardiaco;Terzo e quarto tono cardiaco
Apparato Cardiovascolare;Ciclo Cardiaco;Toni cardiaci
Apparato Cardiovascolare;Ciclo Cardiaco;Toni cardiaci
Apparato Cardiovascolare;Ciclo Cardiaco;Toni cardiaci
Apparato Cardiovascolare;Ciclo Cardiaco;Toni cardiaci e quali sono quelli auscoltabili
Apparato Cardiovascolare;Elettrofisiologia;Canali funny
Apparato Cardiovascolare;Elettrofisiologia;Cellule pacemaker
Apparato Cardiovascolare;Elettrofisiologia;Conduzione elettrica nel cuore
Apparato Cardiovascolare;Elettrofisiologia;Corrente funny funzione e canali associati
Apparato Cardiovascolare;Elettrofisiologia;Differenza tra potenziale nel miocardio di conduzione e miocardio di lavoro
Apparato Cardiovascolare;Elettrofisiologia;ECG
Apparato Cardiovascolare;Elettrofisiologia;ECG
Apparato Cardiovascolare;Elettrofisiologia;ECG in particolare la curva QRS
Apparato Cardiovascolare;Elettrofisiologia;Grafico potenziale miocardio di lavoro con spiegazione
Apparato Cardiovascolare;Elettrofisiologia;Nodo atrio-ventricolare frequenza di scarica e perché la frequenza cardiaca è minore di essa
Apparato Cardiovascolare;Elettrofisiologia;Potenziale del miocardio di lavoro e canali coinvolti
Apparato Cardiovascolare;Elettrofisiologia;Potenziale pacemaker
Apparato Cardiovascolare;Elettrofisiologia;Potenziale pacemaker disegno
Apparato Cardiovascolare;Elettrofisiologia;QRS dell'ECG
Apparato Cardiovascolare;Elettrofisiologia;Ruolo del nodo seno-atriale
Apparato Cardiovascolare;Elettrofisiologia;Ruolo del periodo di riposo prima della propagazione dell'impulso al nodo atrio-ventricolare
Apparato Cardiovascolare;Elettrofisiologia;Tessuto di conduzione
Apparato Cardiovascolare;Elettrofisiologia;Triangolo di Einthoven
Apparato Cardiovascolare;Emodinamica;Aneurisma
Apparato Cardiovascolare;Emodinamica;Aorta flusso laminare o turbolento
Apparato Cardiovascolare;Emodinamica;Arteriola flusso laminare o turbolento
Apparato Cardiovascolare;Emodinamica;Emodinamica
Apparato Cardiovascolare;Emodinamica;Emodinamica Bernoulli
Apparato Cardiovascolare;Emodinamica;Fenomeno del plasma skimming
Apparato Cardiovascolare;Emodinamica;Fenomeno del plasma skimming
Apparato Cardiovascolare;Emodinamica;Fenomeno del plasma skimming
Apparato Cardiovascolare;Emodinamica;Flusso aorta
Apparato Cardiovascolare;Emodinamica;Flusso laminare e turbolento
Apparato Cardiovascolare;Emodinamica;Gittata cardiaca
Apparato Cardiovascolare;Emodinamica;Gittata cardiaca e come viene regolata
Apparato Cardiovascolare;Emodinamica;Legge di Frank-Starling
Apparato Cardiovascolare;Emodinamica;Legge di Frank-Starling
Apparato Cardiovascolare;Emodinamica;Legge di Frank-Starling
Apparato Cardiovascolare;Emodinamica;Legge di Frank-Starling
Apparato Cardiovascolare;Emodinamica;Legge di Frank-Starling
Apparato Cardiovascolare;Emodinamica;Legge di Laplace
Apparato Cardiovascolare;Emodinamica;Legge di Laplace
Apparato Cardiovascolare;Emodinamica;Legge di Laplace
Apparato Cardiovascolare;Emodinamica;Legge di Poiseuille
Apparato Cardiovascolare;Emodinamica;Legge di Poiseuille
Apparato Cardiovascolare;Emodinamica;Legge di Poiseuille
Apparato Cardiovascolare;Emodinamica;Legge di Poiseuille
Apparato Cardiovascolare;Emodinamica;Legge di Starling
Apparato Cardiovascolare;Emodinamica;Legge di Starling
Apparato Cardiovascolare;Emodinamica;Legge di Starling
Apparato Cardiovascolare;Emodinamica;Numero di Reynolds
Apparato Cardiovascolare;Emodinamica;Numero di Reynolds
Apparato Cardiovascolare;Emodinamica;Numero di Reynolds
Apparato Cardiovascolare;Emodinamica;Numero di Reynolds
Apparato Cardiovascolare;Emodinamica;Numero di Reynolds
Apparato Cardiovascolare;Emodinamica;Plasma skimming
Apparato Cardiovascolare;Emodinamica;Resistenza
Apparato Cardiovascolare;Emodinamica;Tipi di flusso
Apparato Cardiovascolare;Regolazione e Anatomia;Arterie coronarie
Apparato Cardiovascolare;Regolazione e Anatomia;Azione di adrenalina e noradrenalina a livello cardiaco
Apparato Cardiovascolare;Regolazione e Anatomia;Barocettori
Apparato Cardiovascolare;Regolazione e Anatomia;Barocettori
Apparato Cardiovascolare;Regolazione e Anatomia;Barocettori a cosa sono collegati
Apparato Cardiovascolare;Regolazione e Anatomia;Barocettori cosa sono e dove si trovano
Apparato Cardiovascolare;Regolazione e Anatomia;Barocettori e chemiocettori come regolano la circolazione sistemica
Apparato Cardiovascolare;Regolazione e Anatomia;Barocettori e dove si trovano
Apparato Cardiovascolare;Regolazione e Anatomia;Chemiocettori
Apparato Cardiovascolare;Regolazione e Anatomia;Chemiocettori
Apparato Cardiovascolare;Regolazione e Anatomia;Chemiocettori
Apparato Cardiovascolare;Regolazione e Anatomia;Chemiocettori aortici e carotidei
Apparato Cardiovascolare;Regolazione e Anatomia;Circolazione coronarica
Apparato Cardiovascolare;Regolazione e Anatomia;Controllo estrinseco del cuore
Apparato Cardiovascolare;Regolazione e Anatomia;Flusso coronarico
Apparato Cardiovascolare;Regolazione e Anatomia;Iperemia
Apparato Cardiovascolare;Regolazione e Anatomia;Iperemia
Apparato Cardiovascolare;Regolazione e Anatomia;Iperemia reattiva
Apparato Cardiovascolare;Regolazione e Anatomia;La titina
Apparato Cardiovascolare;Regolazione e Anatomia;Le catecolamine e il loro ruolo nel cardiaco
Apparato Cardiovascolare;Regolazione e Anatomia;Modulazione intrinseca ed estrinseca del cuore
Apparato Cardiovascolare;Regolazione e Anatomia;Piano delle valvole
Apparato Cardiovascolare;Regolazione e Anatomia;Piano delle valvole
Apparato Cardiovascolare;Regolazione e Anatomia;Piano valvolare
Apparato Cardiovascolare;Regolazione e Anatomia;Pressione arteriosa
Apparato Cardiovascolare;Regolazione e Anatomia;Quali sono i controlli locali della vasomotilità
Apparato Cardiovascolare;Regolazione e Anatomia;Regolazione a breve termine
Apparato Cardiovascolare;Regolazione e Anatomia;Regolazione a lungo termine
Apparato Cardiovascolare;Regolazione e Anatomia;Regolazione a lungo termine della pressione
Apparato Cardiovascolare;Regolazione e Anatomia;Regolazione a lungo termine pressione arteriosa
Apparato Cardiovascolare;Regolazione e Anatomia;Regolazione pressione arteriosa
Apparato Cardiovascolare;Regolazione e Anatomia;Regolazione simpatica e parasimpatica del cuore
Apparato Cardiovascolare;Regolazione e Anatomia;Titina
Apparato Cardiovascolare;Regolazione e Anatomia;Volocettori
Apparato Cardiovascolare;Regolazione e Anatomia;Volocettori
Apparato Cardiovascolare;Regolazione e Anatomia;Volocettori
Apparato Cardiovascolare;Regolazione e Anatomia;Volocettori e dove si trovano
Apparato Cardiovascolare;Sangue;Il sangue
Apparato Cardiovascolare;Sangue;Processo di coagulazione
Apparato Cardiovascolare;Sangue;Curva di saturazione dell'emoglobina
Apparato Cardiovascolare;Sangue;Com'è fatta l'emoglobina
Apparato Cardiovascolare;Sangue;Dove avviene il processo emocateretico
Apparato Cardiovascolare;Sangue;Differenza tra emoglobina e mioglobina
Apparato Cardiovascolare;Sangue;Quale ormone stimola l'eritropoietina
Apparato Cardiovascolare;Sangue;Piastrine
Apparato Cardiovascolare;Sangue;Come avviene l'emopoiesi
Apparato Cardiovascolare;Sangue;Differenza tra via estrinseca e intrinseca
Apparato Cardiovascolare;Sangue;Durante l'emopoiesi quando il globulo rosso perde il nucleo
Apparato Cardiovascolare;Sangue;Emivita di globulo
Apparato Cardiovascolare;Sangue;Emivita di un globulo rosso
Apparato Cardiovascolare;Sangue;Emocateresi e dove avviene
Apparato Cardiovascolare;Sangue;Emostasi
Apparato Cardiovascolare;Sangue;Funzione delle piastrine
Apparato Cardiovascolare;Sangue;In quale fase i globuli rossi perdono il nucleo
Apparato Cardiovascolare;Sangue;Leucopoiesi
Apparato Cardiovascolare;Sangue;Organi emopoietici
Apparato Cardiovascolare;Sangue;Organi emopoietici
Apparato Cardiovascolare;Sangue;Policitemia
Apparato Cardiovascolare;Sangue;Processi di emocateresi
Apparato Cardiovascolare;Sangue;Proteine del plasma e a cosa servono
Apparato Cardiovascolare;Sangue;Quando aumentano gli eosinofili
Apparato Cardiovascolare;Sangue;Rapporto tra ematocrito e plasma
Apparato Cardiovascolare;Sangue;Struttura dell'emoglobina
Apparato Digerente;Digerente e Intestino;Come avviene il processo di deglutizione
Apparato Digerente;Digestione e Assorbimento;Assorbimento
Apparato Digerente;Digestione e Assorbimento;Assorbimento dei carboidrati
Apparato Digerente;Digestione e Assorbimento;Assorbimento del calcio
Apparato Digerente;Digestione e Assorbimento;Assorbimento del ferro
Apparato Digerente;Digestione e Assorbimento;Assorbimento del glucosio
Apparato Digerente;Digestione e Assorbimento;Assorbimento e digestione dei carboidrati
Apparato Digerente;Digestione e Assorbimento;Digestione del glucosio e dei lipidi
Apparato Digerente;Digestione e Assorbimento;Digestione delle proteine
Apparato Digerente;Digestione e Assorbimento;Digestione delle proteine
Apparato Digerente;Digestione e Assorbimento;Digestione proteine dove inizia e dove finisce
Apparato Digerente;Digestione e Assorbimento;Dove inizia la digestione dei carboidrati
Apparato Digerente;Digestione e Assorbimento;La digestione con enzimi
Apparato Digerente;Digestione e Assorbimento;Passaggio dei carboidrati dalla cellula parietale al sangue
Apparato Digerente;Nervoso;Auerbach e Meissner
Apparato Digerente;Nervoso;Cellule di Cajal
Apparato Digerente;Nervoso;Cellule di Cajal
Apparato Digerente;Nervoso;Plesso sottomucoso
Apparato Digerente;Nervoso;SNE
Apparato Digerente;Pancreas e Fegato;Bile
Apparato Digerente;Pancreas e Fegato;Bile
Apparato Digerente;Pancreas e Fegato;Bile formazione
Apparato Digerente;Pancreas e Fegato;Bilirubina
Apparato Digerente;Pancreas e Fegato;Bilirubina
Apparato Digerente;Pancreas e Fegato;CCK
Apparato Digerente;Pancreas e Fegato;CCK da cosa viene prodotta
Apparato Digerente;Pancreas e Fegato;Composizione del succo pancreatico
Apparato Digerente;Pancreas e Fegato;Composizione e funzione della bile
Apparato Digerente;Pancreas e Fegato;Digestione dei lipidi
Apparato Digerente;Pancreas e Fegato;Digestione dei lipidi
Apparato Digerente;Pancreas e Fegato;Dove viene prodotta la bile e che funzione ha
Apparato Digerente;Pancreas e Fegato;Dove viene prodotto il glucagone e la sua funzione
Apparato Digerente;Pancreas e Fegato;Le ghiandole salivari
Apparato Digerente;Pancreas e Fegato;Pancreas
Apparato Digerente;Pancreas e Fegato;Pancreas endocrino
Apparato Digerente;Pancreas e Fegato;Pancreas esocrino
Apparato Digerente;Pancreas e Fegato;Produzione della bile
Apparato Digerente;Pancreas e Fegato;Quali sono gli stimoli ormonali che portano alla produzione del succo pancreatico
Apparato Digerente;Pancreas e Fegato;Sfintere di Oddi
Apparato Digerente;Pancreas e Fegato;Succo pancreatico
Apparato Digerente;Pancreas e Fegato;Succo pancreatico
Apparato Digerente;Pancreas e Fegato;Succo pancreatico
Apparato Digerente;Stomaco;Barriera di muco nello stomaco
Apparato Digerente;Stomaco;Cellule ossintiche
Apparato Digerente;Stomaco;Cellule ossintiche dove si trovano
Apparato Digerente;Stomaco;Cellule ossintiche e secrezione di HCl
Apparato Digerente;Stomaco;Cellule parietali
Apparato Digerente;Stomaco;Cellule parietali e principali dello stomaco
Apparato Digerente;Stomaco;Cellule principali e cellule parietali dello stomaco
Apparato Digerente;Stomaco;Come avviene la secrezione di HCl
Apparato Digerente;Stomaco;Come viene prodotto HCl nel lume gastrico
Apparato Digerente;Stomaco;Cosa producono le cellule principali
Apparato Digerente;Stomaco;Da cosa è costituito il muco
Apparato Digerente;Stomaco;Funzioni dello stomaco e stomaco in generale
Apparato Digerente;Stomaco;Funzioni stomaco
Apparato Digerente;Stomaco;Grelina dove viene prodotta
Apparato Digerente;Stomaco;Ormoni dello stomaco
Apparato Digerente;Stomaco;Perché gli enzimi sono secreti prima in forma inattiva
Apparato Digerente;Stomaco;Perché il pepsinogeno viene prodotto come proenzima
Apparato Digerente;Stomaco;Perché lo stomaco non degrada se stesso
Apparato Digerente;Stomaco;Perché lo stomaco non digerisce se stesso
Apparato Digerente;Stomaco;Quali sono le altre stimolazioni che inducono a produrre gli ormoni dello stomaco
Apparato Digerente;Stomaco;Secrezione HCl
Apparato Digerente;Stomaco;Secrezione HCl
Apparato Digerente;Stomaco;Struttura e funzione dello stomaco
Apparato Digerente;Succhi, secreti e simili;Composizione del succo
Apparato Digerente;Succhi, secreti e simili;Cos'è il vomito
Apparato Digerente;Succhi, secreti e simili;Cosa viene secreto all'interno dell'intestino tenue
Apparato Digerente;Succhi, secreti e simili;Dov'è prodotta la secretina
Apparato Digerente;Zone e strutture;Cosa avviene nell'intestino crasso
Apparato Digerente;Zone e strutture;Cripte di Lieberkuhn
Apparato Digerente;Zone e strutture;Dove sono le cripte di Lieberkuhn
Apparato Digerente;Zone e strutture;Dove sono le cripte di Lieberkuhn
Apparato Digerente;Zone e strutture;Dove viene prodotta la secretina
Apparato Digerente;Zone e strutture;Funzione dei microvilli
Apparato Digerente;Zone e strutture;Funzione dell'intestino crasso
Apparato Digerente;Zone e strutture;Intestino tenue
Apparato Renale;Clearance;Clearance
Apparato Renale;Clearance;Clearance
Apparato Renale;Clearance;Clearance
Apparato Renale;Clearance;Clearance
Apparato Renale;Clearance;Clearance inulina
Apparato Renale;Clearance;Clearance renale
Apparato Renale;Clearance;Clearance renale
Apparato Renale;Clearance;Clearance renale
Apparato Renale;Clearance;Inulina
Apparato Renale;Clearance;Inulina
Apparato Renale;Filtrazione e Funzioni;Cellule del mesangio
Apparato Renale;Filtrazione e Funzioni;Cellule del mesangio
Apparato Renale;Filtrazione e Funzioni;Cellule del mesangio
Apparato Renale;Filtrazione e Funzioni;Come si chiama la pressione netta di filtrazione e da cosa è data
Apparato Renale;Filtrazione e Funzioni;Da cosa è data la pressione netta di filtrazione
Apparato Renale;Filtrazione e Funzioni;Filtrazione glomerulare
Apparato Renale;Filtrazione e Funzioni;Filtrazione glomerulare
Apparato Renale;Filtrazione e Funzioni;Filtrazione glomerulare
Apparato Renale;Filtrazione e Funzioni;Filtrazione glomerulare
Apparato Renale;Filtrazione e Funzioni;Funzioni del rene
Apparato Renale;Filtrazione e Funzioni;Le funzioni del rene oltre alla principale
Apparato Renale;Filtrazione e Funzioni;Podociti
Apparato Renale;Filtrazione e Funzioni;Podociti
Apparato Renale;Filtrazione e Funzioni;Velocità di filtrazione glomerulare
Apparato Renale;Filtrazione e Funzioni;Velocità di filtrazione glomerulare
Apparato Renale;Filtrazione e Funzioni;Velocità di filtrazione glomerulare
Apparato Renale;Filtrazione e Funzioni;Velocità di filtrazione glomerulare
Apparato Renale;Filtrazione e Funzioni;VFG
Apparato Renale;Filtrazione e Funzioni;VFG
Apparato Renale;Filtrazione e Funzioni;Volume dell'ultrafiltrato
Apparato Renale;Regolazione e Tubuli;ADH
Apparato Renale;Regolazione e Tubuli;ADH
Apparato Renale;Regolazione e Tubuli;ADH
Apparato Renale;Regolazione e Tubuli;Aldosterone
Apparato Renale;Regolazione e Tubuli;Ansa di Henle
Apparato Renale;Regolazione e Tubuli;Cotrasporto del potassio a livello dell'ansa di Henle
Apparato Renale;Regolazione e Tubuli;Feedback glomerulo-renale
Apparato Renale;Regolazione e Tubuli;Feedback glomerulo-renale
Apparato Renale;Regolazione e Tubuli;Feedback tubulo-glomerulare
Apparato Renale;Regolazione e Tubuli;Feedback tubulo-glomerulare
Apparato Renale;Regolazione e Tubuli;Feedback tubulo-glomerulare
Apparato Renale;Regolazione e Tubuli;Meccanismo controcorrente e vasa recta
Apparato Renale;Regolazione e Tubuli;Meccanismo di controcorrente
Apparato Renale;Regolazione e Tubuli;Meccanismo di controcorrente
Apparato Renale;Regolazione e Tubuli;Meccanismo di moltiplicazione controcorrente
Apparato Renale;Regolazione e Tubuli;Ormone antidiuretico
Apparato Renale;Regolazione e Tubuli;Qual è la parte impermeabile all'urea
Apparato Renale;Regolazione e Tubuli;Renina
Apparato Renale;Regolazione e Tubuli;Sistema RAAS
Apparato Renale;Regolazione e Tubuli;Sistema RAAS
Apparato Renale;Regolazione e Tubuli;Sistema RAAS
Apparato Renale;Regolazione e Tubuli;Sistema RAS
Apparato Renale;Regolazione e Tubuli;Trasportatori glucosio nel sistema renale quali sono che fanno e dove
Apparato Renale;Regolazione e Tubuli;Vasa recta
Apparato Renale;Regolazione e Tubuli;Vasa recta
Apparato Respiratorio;Anatomia e Scambi;Alveolo
Apparato Respiratorio;Anatomia e Scambi;Da cosa è costituito l'alveolo
Apparato Respiratorio;Anatomia e Scambi;La trachea da cosa è composta
Apparato Respiratorio;Anatomia e Scambi;Passaggio di ossigeno da alveolo a sangue
Apparato Respiratorio;Anatomia e Scambi;Pneumociti di secondo tipo
Apparato Respiratorio;Anatomia e Scambi;Scambio ossigeno tra sangue e alveolo
Apparato Respiratorio;Anatomia e Scambi;Surfactante
Apparato Respiratorio;Anatomia e Scambi;Surfactante
Apparato Respiratorio;Meccanica Respiratoria;Disegno alveolo e posizione spazio morto anatomico
Apparato Respiratorio;Meccanica Respiratoria;I muscoli coinvolti nella meccanica respiratoria
Apparato Respiratorio;Meccanica Respiratoria;Legge di Boyle
Apparato Respiratorio;Meccanica Respiratoria;Meccanica respiratoria
Apparato Respiratorio;Meccanica Respiratoria;Meccanica respiratoria con muscoli
Apparato Respiratorio;Meccanica Respiratoria;Pleura
Apparato Respiratorio;Meccanica Respiratoria;Pneumotorace
Apparato Respiratorio;Meccanica Respiratoria;Pressione intrapleurica
Apparato Respiratorio;Meccanica Respiratoria;Pressione intrapleurica
Apparato Respiratorio;Meccanica Respiratoria;Quali muscoli si contraggono durante l'espirazione
Apparato Respiratorio;Meccanica Respiratoria;Spazio morto
Apparato Respiratorio;Meccanica Respiratoria;Spazio morto anatomico
Apparato Respiratorio;Meccanica Respiratoria;Spirometria
Apparato Respiratorio;Meccanica Respiratoria;Volume respiratorio
Apparato Respiratorio;Meccanica Respiratoria;Volumi e capacità polmonari
Apparato Respiratorio;Regolazione Respirazione;Centri di controllo della respirazione
Apparato Respiratorio;Regolazione Respirazione;Centri di controllo della respirazione
Apparato Respiratorio;Regolazione Respirazione;Centri di controllo della respirazione
Apparato Respiratorio;Regolazione Respirazione;Centri respiratori
Apparato Respiratorio;Regolazione Respirazione;Centro pneumotassico
Apparato Respiratorio;Regolazione Respirazione;Centro pneumotassico e apneustico
Apparato Respiratorio;Regolazione Respirazione;Riflesso di Hering
Apparato Respiratorio;Regolazione Respirazione;Riflesso di Hering-Breuer
Apparato Respiratorio;Regolazione Respirazione;Riflesso di Hering-Breuer
Apparato Respiratorio;Scambi Gassosi;Scambi gassosi
Sistema Endocrino;Altro Endocrino;Cosa produce la corticale del surrene
Sistema Endocrino;Altro Endocrino;Ghiandole surrenali
Sistema Endocrino;Altro Endocrino;La parte midollare del surrene cosa produce
Sistema Endocrino;Altro Endocrino;Metabolismo basale
Sistema Endocrino;Altro Endocrino;PTH
Sistema Endocrino;Ipofisi e Ipotalamo;ACTH
Sistema Endocrino;Ipofisi e Ipotalamo;ACTH
Sistema Endocrino;Ipofisi e Ipotalamo;Asse ipotalamo-ipofisario
Sistema Endocrino;Ipofisi e Ipotalamo;Asse ipotalamo-ipofisario e azione ormoni
Sistema Endocrino;Ipofisi e Ipotalamo;Asse ipotalamo-ipofisi-surrene
Sistema Endocrino;Ipofisi e Ipotalamo;Asse ipotalamo-ipofisi-surrene
Sistema Endocrino;Ipofisi e Ipotalamo;Funzioni dell'ipotalamo
Sistema Endocrino;Ipofisi e Ipotalamo;Gonadotropismo
Sistema Endocrino;Ipofisi e Ipotalamo;Ipofisi
Sistema Endocrino;Ipofisi e Ipotalamo;Ipofisi cosa produce
Sistema Endocrino;Ipofisi e Ipotalamo;Ipofisi dove si trova e cosa produce
Sistema Endocrino;Ipofisi e Ipotalamo;Produzione della neuroipofisi
Sistema Endocrino;Ipofisi e Ipotalamo;Prolattina
Sistema Endocrino;Ipofisi e Ipotalamo;TRH
Sistema Endocrino;Tiroide;Asse ipotalamo-ipofisi-tiroide
Sistema Endocrino;Tiroide;Asse ipotalamo-ipofisi-tiroide
Sistema Endocrino;Tiroide;Come viene assunto lo iodio nella tiroide
Sistema Endocrino;Tiroide;Come viene inglobato lo iodio nella tiroide
Sistema Endocrino;Tiroide;Come viene inglobato lo iodio nella tiroide
Sistema Endocrino;Tiroide;Come viene inglobato lo iodio nella tiroide
Sistema Endocrino;Tiroide;Ormoni tiroidei
Sistema Endocrino;Tiroide;T3 e T4
Sistema Endocrino;Tiroide;Tiroide
Sistema Endocrino;Tiroide;Tiroide
Sistema Endocrino;Tiroide;TSH
Sistema Linfatico;Linfatico;Cos'è la linfa
Sistema Linfatico;Linfatico;Sistema linfatico
Sistema Linfatico;Linfatico;Sistema linfatico
Sistema Linfatico;Linfatico;Sistema linfatico
Sistema Linfatico;Trasporto;Chilomicroni
Sistema Linfatico;Trasporto;Chilomicroni
Sistema Linfatico;Trasporto;Chilomicroni
Sistema Linfatico;Trasporto;Chilomicroni
Sistema Linfatico;Trasporto;Chilomicroni
Sistema Nervoso e Altro;Altro;Cos'è l'endometrio
Sistema Nervoso e Altro;Nervoso;Memoria
Sistema Nervoso e Altro;Nervoso;Plasticità sinaptica
Sistema Nervoso e Altro;Nervoso;Sinapsi
Sistema Nervoso e Altro;Nervoso;Sonno